,章节,url
0,序章,9502586.html
1,第一章渔村少年,9502587.html
2,第二章 蚌女赠珠,9502588.html
3,第三章 珍姨,9502589.html
4,第四章 庄园,9518269.html
5,第五章 厉苍海,9518270.html
6,第六章 异变,9518271.html
7,第七章 血脉武者,9528045.html
8,第八章 古庙遇尸,9532176.html
9,第九章 斩尸,9544455.html
10,第十章 吴家,9548023.html
11,第十一章 斗殴,9565889.html
12,第十二章 勇不可当,9566597.html
13,第十三章 獠火枪法与日月刃,9584227.html
14,第十四章 王天豪,9596046.html
15,第十五章 金玉珍,9599755.html
16,第十六章 金丝鼠,9610663.html
17,第十七章 天阴姹女,9620959.html
18,第十八章 进阶,9627249.html
19,第十九章 厚土之体,9629965.html
20,第二十章 挑战,9647722.html
21,第二十一章 一息六斩,9658626.html
22,第二十二章 碾压,9666762.html
23,第二十三章 第一武徒,9675617.html
24,第二十四章 寻脉使者,9687839.html
25,第二十五章 石猴废脉,9696363.html
26,第二十六章 领悟气感,9705316.html
27,第二十七章 梦猿,9750406.html
28,第二十八章 目力异变,9774543.html
29,第二十九章 紫钢弓,9832077.html
30,第三十章 离意,9842796.html
31,第三十一章 风火筒,9852611.html
32,第三十二章 误杀,9861697.html
33,第三十三章 亡命而逃,9866154.html
34,第三十四章 青风驹,9877134.html
35,第三十五章 密林追逐,9889399.html
36,第三十六章 强弓灭敌,9908147.html
37,第三十七章 密林屠敌,9913574.html
38,第三十八章 鹰飞九天,9922826.html
39,第三十九章 计杀后天,9930027.html
40,第四十章 鹰犬双现,9938777.html
41,第四十一章 拼命,9943929.html
42,第四十二章 生死一线,9957965.html
43,第四十三章 叶红药,9967950.html
44,第四十四章 玄子令,9970350.html
45,第四十五章 楼船,9980163.html
46,第四十六章 误入副车,9983687.html
47,第四十七章 狰目显现,9990673.html
48,第四十八章 金小钗,9997701.html
49,第四十九章 黑魔十三峰,10004489.html
50,第五十章 周狂,10010803.html
51,第五十一章 黑炎令,10010804.html
52,第五十二章 堵路,10022518.html
53,第五十三章 碎石对破玉,10034891.html
54,第五十四章 鹦鹉,10043651.html
55,第五十五章 般若天象功,10054215.html
56,第五十六章 脱胎决,10055848.html
57,第五十七章 魂师,10063524.html
58,第五十八章 真气,10068645.html
59,第五十九章 梦中老者,10076396.html
60,第六十章 淬骨丹（春节快乐）,10082853.html
61,第六十一章 术士,10097041.html
62,第六十二章 吞月式,10108669.html
63,第六十三章 梦境再现,10112103.html
64,第六十四章 比试,10120629.html
65,第六十五章 针锋相对,10123460.html
66,第六十六章 尊灵会和血龙会,10131785.html
67,第六十七章 婉拒,10139434.html
68,第六十八章 广源殿,10145895.html
69,第六十九章 打铁,10149631.html
70,第七十章 离火会,10159998.html
71,第七十一章 灵法殿,10167991.html
72,第七十二章 空间元素感应力,10175812.html
73,第七十三章 术士学徒,10181830.html
74,第七十四章 蕴神术（今天三更哦）,10190862.html
75,第七十五章 法力（第二更）,10194599.html
76,第七十六章 梦境异变（第三更）,10197815.html
77,第七十七章 宗门小比,10213536.html
78,第七十八章 规则,10217688.html
79,第七十九章 观战,10223948.html
80,第八十章 挑战,10227558.html
81,第八十一章 进入前十,10237674.html
82,第八十二章 一败涂地,10239598.html
83,第八十三章 弃权,10248892.html
84,第八十四章 符箓之术,10252263.html
85,第八十五章 梦中凝符,10266783.html
86,第八十六章 争斗,10270490.html
87,第八十七章 气爆术,10278608.html
88,第八十八章 灵目之变,10281442.html
89,第八十九章 一息十三斩（第一更）,10293404.html
90,第九十章 趁手兵器（第二更）,10293405.html
91,第九十一章 古怪陨铁（第三更）,10296258.html
92,第九十二章 沟通异界面,10300203.html
93,第九十三章 冲虚星玄阵,10304732.html
94,第九十四章 拘灵术,10317730.html
95,第九十五章 混沌空间,10319639.html
96,第九十六章 死灵界面,10324858.html
97,第九十七章 种下标记,10328609.html
98,第九十九章 叠加符阵,10336286.html
99,第一百章 法器成,10343533.html
100,第一百零一章 横生枝节,10346270.html
101,第一百零二章 小试黑刀,10350358.html
102,第一百零三章 月光海胆,10355496.html
103,第一百零四章 边塞三州,10364360.html
104,第一卷 勇士之门 第一百零五章 夜袭,10368993.html
105,第一百零六章 接连激变,10370642.html
106,第一百零七章 首次布阵（第二更）,10377139.html
107,第一百零八章 烟罗（第三更）,10380386.html
108,第一百零九章 伏击蛮族（第四更）,10381806.html
109,第一百一十章 珂儿,10394386.html
110,第一百一十一章 林间偶遇,10398325.html
111,第一百一十二章 血字任务,10409969.html
112,第一百一十三章 鹰愁涧,10411875.html
113,第一百一十四章 遇先天,10421106.html
114,第一百一十五章 战黑蛇,10428724.html
115,第一百一十六章 追杀,10439633.html
116,第一百一十七章 先天之战,10443076.html
117,第一百一十八章 洞中疗伤,10448506.html
118,第一百一十九章 烈炎箭,10450619.html
119,第一百二十章 比试,10462618.html
120,第一百二十一章 两败俱伤（第二更）,10473495.html
121,第一百二十二章 二女（第三更）,10481335.html
122,第一百二十三章 调令,10486971.html
123,第一百二十四章 特权,10487938.html
124,第一百二十五章 符室之争,10497363.html
125,第一百二十六章 叙旧,10497365.html
126,第一百二十七章 拦路,10508494.html
127,第一百二十八章 修炼脱胎决,10513472.html
128,第一百二十九章 镇魂咒,10517134.html
129,第一百三十章 冯离身世,10532297.html
130,第一百三十一章 被袭,10532695.html
131,第一百三十二章 突围,10539085.html
132,第一百三十三章 逃出生天,10541052.html
133,第一百三十四章 万劫尸魂咒,10549472.html
134,第一百三十五章 星札岛,10549791.html
135,第一百三十六章 乔装入荒,10551572.html
136,第一百三十七章 四不象,10565390.html
137,第一百三十八章 平蛮和凶蛮,10565484.html
138,第一百三十九章 鸦神祭祀,10611483.html
139,第一百四十章 天狼部,10662892.html
140,第一百四十一章 血腥剧变,10662893.html
141,503 service temporarily unavailable,10663040.html
142,第一百四十二章 废墟,10663052.html
143,第一百四十三章 复仇,10691894.html
144,第一百四十四章 狙杀,10696380.html
145,第一百四十五章 拯救,10708496.html
146,第一百四十六章 遭伏,10710214.html
147,遇仙记,10710442.html
148,第一百四十七章 绿洲偶遇,10720507.html
149,第一百四十八章 误会,10723498.html
150,第一百四十九章 共赴圣山（第一更）,10731074.html
151,第一百五十章 白马山（第二更）,10733121.html
152,第一百五十一章 海族使团（第三更）,10734297.html
153,第一百五十二章 多首凶蟒,10745033.html
154,第一百五十三章 大祭司,10748327.html
155,第一百五十四章 海族圣女,10756356.html
156,第一百五十五章 青魔狼,10756859.html
157,第一百五十六章 残缺雕像,10772393.html
158,第一百五十七章 神秘石块,10773101.html
159,第一百五十八章 血雾,10781361.html
160,第一百五十九章 凶兽潮,10789384.html
161,第一百六十章 圣女香珠,10796661.html
162,第一百六十一章 勇士之河,10798261.html
163,第一百六十二章 青冥果,10807016.html
164,第一百六十三章 冰晶蝎,10809478.html
165,第一百六十四章 各行其事,10818006.html
166,第一百六十五章 铤而走险,10818856.html
167,第一百六十六章 引诱,10827516.html
168,第一百六十七章 惊变,10831273.html
169,第一百六十八章 虐杀,10841277.html
170,第一百六十九章 翻江倒海,10842343.html
171,第一百七十章 勇士归来,10850744.html
172,第一百七十一章 兽魂清点,10854316.html
173,那些年、那些书（月初求保底月票）,10857159.html
174,第一百七十二章 居心叵测（第一更）,10861885.html
175,第一百七十三章 交涉,10866278.html
176,第一百七十四章 血仇比试,10868338.html
177,第一百七十五章 破敌,10875498.html
178,第一百七十六章 告诫,10877126.html
179,第一百七十七章 解咒,10883362.html
180,第一百七十八章 神魂反噬,10886484.html
181,第一百七十九章 真气离体,10891847.html
182,第一百八十章 吞噬,10894219.html
183,第一百八十一章 护送,10899999.html
184,第一百八十二章 先下手为强,10905459.html
185,第一百八十三章 重返故里,10910357.html
186,第一百八十四章 意外之喜,10914157.html
187,第一百八十五章 金龙帮,10921745.html
188,第一百八十六章 血腥屠戮,10926999.html
189,第一百八十七章 逢离,10935371.html
190,第一百八十八章 立威,10936993.html
191,第一百八十九章 离去,10942767.html
192,第一百九十章赠果,10950054.html
193,第一百九十一章 偶遇,10954142.html
194,第一百九十二章 寻觅,10957203.html
195,第一百九十三章 焰舞,10970660.html
196,第一百九十四章 失之交臂,10976728.html
197,第一百九十五章 举杯相庆,10983675.html
198,第一百九十六章 意外,10988044.html
199,第一百九十七章 嘲笑,10995258.html
200,第一百九十八章 甲乙之争,10998002.html
201,第一百九十九章 惊鸿一刀,11007759.html
202,第二百章 尘渺戒,11011151.html
203,“玄门”,11011152.html
204,第二百零一章 赠丹,11016972.html
205,第二百零二章 打造,11024944.html
206,第二百零三章 似逢意外,11030810.html
207,第二百零四章 乾鹦一族,11033249.html
208,第二百零五章 新兵初成,11040417.html
209,第二百零六章 召见,11043575.html
210,第二百零七章 魔阳大典（第一更）,11048816.html
211,大汗，后台卡重复了一章！,11049102.html
212,第二百零八章 参悟火经（第二更）,11049869.html
213,第二百零九章 吸日式（第三更）,11052500.html
214,第二百一十章 神兵初现,11062607.html
215,第二百一十一章 一路向西,11065327.html
216,第二百一十二章 改道而行,11075119.html
217,第二百一十三章 消失的灵脉,11079090.html
218,第二百一十四章 升仙大典,11086602.html
219,第二百一十五章 通天仙教,11090115.html
220,第二百一十六章梦虎,11096346.html
221,第二百一十七章分道扬镳,11100992.html
222,第二百一十八章 追逃,11105794.html
223,第二百一十九章 险中求生,11106727.html
224,第二百二十章 临死一击,11112210.html
225,第二百二十一章 劫后余生,11114043.html
226,“”新的篇章开始了！,11114463.html
227,第二百二十二章路见不平,11126592.html
228,第二百二十三章出卖,11128725.html
229,第二百二十四章升仙轶事,11139318.html
230,第二百二十五章 换花,11142242.html
231,第二百二十六章升仙拍卖会,11148426.html
232,第二百二十七章天虞城,11151721.html
233,零点开始，双倍月票了哦！,11156949.html
234,第二百二十八章 密谋与安顿,11159958.html
235,第二百二十九章 他乡遇故知,11163418.html
236,第二百三十章 迎仙大会,11173299.html
237,第二百三十一章 天位,11182368.html
238,第二百三十二章 仙人降临,11182369.html
239,第二百三十三章 雨中别离,11185752.html
240,第二百三十四章 同游天虞（第一更）,11188977.html
241,第二百三十五章 星宫（第二更）,11189070.html
242,第二百三十六章 烟罗法相（第三更）,11195369.html
243,第二百三十七章 柳岸的邀请,11202314.html
244,第二百三十八章 误认身份,11204707.html
245,第二百三十九章 西夏古国,11210480.html
246,第二百四十章 林中截杀,11213592.html
247,第二百四十一章 惊人发现,11226139.html
248,第二百四十二章 双簧把戏,11230453.html
249,第二百四十三章 会场惊变,11237385.html
250,第二百四十四章 鬼王临世,11245391.html
251,第二百四十五章 献祭,11265026.html
252,第二百四十六章 法宝之威,11271881.html
253,第二百四十七章 牺牲和逃离,11279525.html
254,第二百四十八章 百口莫辩,11281405.html
255,第二百四十九章 把花还我！,11290778.html
256,第二百五十章 通天御灵决,11293482.html
257,第二百五十一章 关外遇袭（第一更）,11298958.html
258,第二百五十二章 悬赏通缉（第二更）,11300329.html
259,第二百五十三章 蕴养灵器,11302295.html
260,第二百五十四章 梦境之疑,11309752.html
261,第二百五十五章 控法魂链,11313451.html
262,第二百五十六章 自弃仙缘,11320634.html
263,第二百五十七章 失之交臂,11323156.html
264,第二百五十八章 死气沉沉,11332211.html
265,第二百五十九章 邪灵,11335337.html
266,第二百六十章 杀戮与守护,11342030.html
267,第二百六十一章 诛匪首,11347882.html
268,第二百六十二章 西冥鬼域,11355235.html
269,第二百六十三章 双首腐尸蛟,11360117.html
270,第二百六十四章 黑棍显威,11367615.html
271,第二百六十五章 陨铁之谜,11370528.html
272,第二百六十六章 彩儿入眠,11376042.html
273,第二百六十七章 返回总坛,11381499.html
274,第二百六十八章 出海选拔,11387965.html
275,第二百六十九章 地下交易会,11392997.html
276,第二百七十章 总坛使者,11400668.html
277,第二百七十一章 冒名顶替,11404044.html
278,第二百七十二章 拷问,11412246.html
279,第二百七十三章 初选,11413819.html
280,第二百七十四章 重兵压境,11417531.html
281,第二百七十五章 彩儿苏醒,11419664.html
282,第二百七十六章 妙空大师,11429210.html
283,第二百七十七章 守备森严,11434145.html
284,第二百七十八章 徐鲁子,11443498.html
285,第二百七十九章 怪事,11448879.html
286,第二百八十章 委托,11456681.html
287,第二百八十一章 智取,11460187.html
288,第二百八十二章 偷猎,11466126.html
289,第二百八十三章 意外,11470965.html
290,第二百八十四章 提前开始,11476549.html
291,第二百八十五章 古怪规则,11481853.html
292,第二百八十六章 噬灵异能,11488081.html
293,第二百八十七章 起疑,11491335.html
294,第二百八十八章 浩劫,11496228.html
295,第二百八十九章 登舟,11501108.html
296,第二百九十章 最后关头,11507170.html
297,第二百九十一章 欺人太甚！,11508728.html
298,第二百九十二章 海上激战,11514425.html
299,第二百九十三章 诈敌,11517383.html
300,第二百九十四章 潜藏危机,11523018.html
301,第二百九十五章 绕路而行,11526298.html
302,第二百九十六章咎由自取,11531831.html
303,第二百九十七章 尸爆术,11534910.html
304,第二百九十八章 巨乌（六一快乐）,11537177.html
305,万分感谢众道友大力支持（六月第一章已更）,11537869.html
306,第二百九十九章白猿再现（第二更）,11539303.html
307,第三百章浴血（三更完毕，求月票！）,11541125.html
308,第三百零一章 妖魂附体,11544838.html
309,第三百零二章 林间树妖,11546384.html
310,第三百零三章 管闲事,11550218.html
311,第三百零四章 巨木部落,11552488.html
312,第三百零五章 瀑间偶遇,11556176.html
313,第三百零六章火元桃王,11557758.html
314,第三百零七章夺桃王,11562320.html
315,第三百零八章 妖族名录,11564514.html
316,第三百零九章蛇窟沼泽,11569194.html
317,第三百一十章 赤环妖蟒,11571147.html
318,第三百一十一章凶蛮大城,11578281.html
319,第三百一十二章 西贺秘史,11596606.html
320,第三百一十三章 围城与凶手,11615398.html
321,第三百一十四章 三招之约,11617739.html
322,第三百一十五章 改变计划（端午快乐）,11647742.html
323,第三百一十六章 天吴宝轩,11747456.html
324,第三百一十七章 盈火阵,12031823.html
325,第三百一十八章 别有洞天,12096212.html
326,第三百一十九章 布阵突破,12235920.html
327,第三百二十章 重操旧业,12274473.html
328,第三百二十一章 交换协议,12378941.html
329,第三百二十二章 实力大进,12404588.html
330,第三百二十三章 城主的委托,12491453.html
331,第三百二十四章 报名,12530603.html
332,第三百二十五章 被表白,12590107.html
333,第三百二十六章 跟踪与阴谋,12602323.html
334,第三百二十七章 浮云车,12640251.html
335,第三百二十八章 异地重逢,12662457.html
336,第三百二十九章 化解危机,12673049.html
337,第三百三十章 凌炎晶,12679725.html
338,第三百三十一章 云翼城,12691620.html
339,第三百三十二章 初现端倪,12696878.html
340,第三百三十三章 邀请与赴宴,12710916.html
341,第三百三十四章 翻脸,12714160.html
342,第三百三十五章 出尔反尔,12722844.html
343,第三百三十六章 生死关头,12728097.html
344,第三百三十七章 变故与救援,12736059.html
345,第三百三十八章 互表心迹,12741562.html
346,第三百三十九章 算计,12750106.html
347,第三百四十章 重返云翼,12751859.html
348,第三百四十一章 尸化,12757925.html
349,第三百四十二章 幽风谷,12762057.html
350,第三百四十三章 诱入陷阱,12770686.html
351,第三百四十四章 谷内见故人,12774598.html
352,第三百四十五章 现成卧底,12780369.html
353,第三百四十六章 丢失,12783791.html
354,第三百四十七章 线索中断,12787698.html
355,第三百四十八章 大闹幽风谷,12791204.html
356,第三百四十九章 夜游苍旭,12795425.html
357,第三百五十章 责难,12798809.html
358,第三百五十一章 谣言四起,12806648.html
359,第三百五十二章 夺石,12812555.html
360,第三百五十三章 逐杀,12819058.html
361,第三百五十四章 意外之喜,12821893.html
362,第三百五十五章 期限将至,12826212.html
363,第三百五十六章 等待,12829034.html
364,第三百五十七章 竞争,12834935.html
365,第三百五十八章 迎仙阁,12839209.html
366,第三百五十九章 参观与拉拢（求月票）,12844473.html
367,第三百六十章 不公平,12846618.html
368,第三百六十一章 定神塔和凝颜果,12846801.html
369,第三百六十二章 把酒言欢,12855242.html
370,第三百六十三章 争锋相对,12859189.html
371,第三百六十四章 开始反击,12863517.html
372,第三百六十五章 热身,12867501.html
373,第三百六十六章 互亮底牌,12869685.html
374,第三百六十七章 玄冥花,12877240.html
375,第三百六十八章 妖族秘藏,12879419.html
376,第三百六十九章 落后,12886580.html
377,第三百七十章 反超,12888537.html
378,第三百七十一章 惊兆,12892620.html
379,第三百七十二章 烈焰,12895464.html
380,第三百七十三章 血脉反噬,12901993.html
381,第三百七十四章 左手异变,12905029.html
382,第三百七十五章 离开,12909030.html
383,第三百七十六章 测试,12911426.html
384,第三百七十七章 十万火山,12915315.html
385,第三百七十八章 途遇故人,12917857.html
386,第三百七十九 火瘴与虎妖,12921099.html
387,第三百八十章 牛刀小试,12923862.html
388,第三百八十一章 修炼准备,12928603.html
389,第三百八十二章 交换条件,12930973.html
390,第三百八十三章 身陷危局,12933644.html
391,第三百八十四章 出奇制胜,12937359.html
392,第三百八十五章 筹集,12941581.html
393,第三百八十六章 替代,12944316.html
394,第三百八十七章 破碎虚空,12953207.html
395,第三百八十八章 封印,12959064.html
396,第三百八十九章 势在必行,12964934.html
397,第三百九十章 跟踪,12967501.html
398,第三百九十一章 万无一失,12976201.html
399,第三百九十二章 化妖,12982303.html
400,第三百九十三章 过关（第三更）,12982831.html
401,第三百九十四章 我不接受,12986722.html
402,第三百九十五章 潜入,12991492.html
403,第三百九十六章 十字架,12996225.html
404,第三百九十七章 真假猿王,12998619.html
405,第三百九十八章 缚妖钉和降龙桩,13006246.html
406,第三百九十九章 试探,13008990.html
407,第四百章 凌天密库,13017157.html
408,第四百零一章 惊天逆转,13020449.html
409,第四百零二章 第二滴,13026336.html
410,第四百零三章各自手段,13029995.html
411,第四百零四章 惊天一击,13036211.html
412,第四百零五章 激战再起,13039796.html
413,第四百零六章 援军,13045851.html
414,第四百零七章 死而复生,13051913.html
415,第四百零八章 护主,13056614.html
416,第四百零九章 柳岸之殇,13059483.html
417,第四百一十章 坠仙录,13065232.html
418,第四百一十一章 收伏,13067973.html
419,第四百一十二章 头颅,13072339.html
420,第四百一十三章 突破与反噬,13074206.html
421,第四百一十四章 以静制动,13080652.html
422,第四百一十五章 骨虫,13084224.html
423,第四百一十六章 围攻,13087739.html
424,第四百一十七章 噬焰,13089926.html
425,第四百一十八章 真容,13093824.html
426,第四百一十九章 复活,13096062.html
427,第四百二十章 融合,13100571.html
428,第四百二十一章 攻伐,13102230.html
429,第四百二十二章 纷争,13106795.html
430,第四百二十三章 神秘来客,13111126.html
431,第四百二十四章 星海世界,13118190.html
432,第四百二十五章 最大危机,13120906.html
433,第四百二十六章 二次觉醒,13129360.html
434,第四百二十七章 灵矿之疑,13131249.html
435,第四百二十八章 分手,13136196.html
436,第四百二十九章 再见故人,13138263.html
437,第四百三十章 怀疑,13146229.html
438,第四百三十一章 天外来客,13149418.html
439,第四百三十二章 亲事,13154668.html
440,第四百三十三章 迎亲纷争,13156711.html
441,第四百三十四章 威压当场,13165442.html
442,第四百三十五章 七星诛仙阵,13168407.html
443,第四百三十六章 破阵,13175125.html
444,第四百三十七章 屠戮,13175601.html
445,第四百三十八章 死敌杀至（第三更）,13176343.html
446,第四百三十九章 猿蛟斗,13183124.html
447,第四百四十章 岌岌可危,13185963.html
448,第四百四十一章 神兵天降,13190900.html
449,第四百四十二章 擎天一棍,13193179.html
450,第四百四十三章 血洗,13198313.html
451,第四百四十四章 海上追杀,13200485.html
452,第四百四十五章 穷追不舍,13206400.html
453,第四百四十六章 亡灵大军,13210125.html
454,第四百四十七章 拖延,13215103.html
455,第四百四十八章 重创大敌,13217183.html
456,第四百四十九章 兽腹避敌,13224293.html
457,第四百五十章 再见苍猿,13229702.html
458,第四百五十一章 水族禁地,13234014.html
459,第四百五十二章 千钧一发,13242174.html
460,第四百五十三章 死星,13252793.html
461,第四百五十四章 星战,13254890.html
462,第四百五十五章 弥天巨猿,13258263.html
463,第四百五十六章 九转秘辛,13260337.html
464,第四百五十七章 星域集市,13263559.html
465,第四百五十八章 星域之旅,13265608.html
466,第四百五十九章 抵达青兰,13270264.html
467,第四百六十章 担保,13272793.html
468,第四百六十一章 圣木令,13279741.html
469,第四百六十二章 马烈,13282987.html
470,第四百六十三章 水天青山,13287788.html
471,第四百六十四章 初入秘境,13290275.html
472,第四百六十五章 小尾巴,13297222.html
473,第四百六十六章 埋伏,13299639.html
474,第四百六十七章 土虬,13306924.html
475,第四百六十八章 身陷危局,13309196.html
476,第四百六十九章 赤猊子,13315695.html
477,第四百七十章 撼地一击,13316530.html
478,第四百七十一章 一体双生,13326745.html
479,第四百七十二章 深入秘境,13329793.html
480,第四百七十三章 螳蛛,13334311.html
481,第四百七十四章 发如蛇,13337890.html
482,第四百七十五章 互有忌惮,13345326.html
483,第四百七十六章 惊变,13350078.html
484,第四百七十七章 各显神通,13353994.html
485,第四百七十八章 亡命追逐,13355006.html
486,第四百七十九章 根须人（第三更了，求票票！）,13355930.html
487,第四百八十章 树心圣液,13363189.html
488,第四百八十一章 强敌现身,13365702.html
489,第四百八十二章 瞳战,13371855.html
490,第四百八十三章 根须化形,13374804.html
491,第四百八十四章 灵王元神,13378923.html
492,第四百八十五章 群英乱舞,13380614.html
493,第四百八十六章 横生变故,13387445.html
494,第四百八十七章 夺树,13388633.html
495,第四百八十八章 古怪木条,13393249.html
496,第四百八十九章 出境,13395557.html
497,第四百九十章 圣天地玄黄,13411026.html
498,第四百九十一章 十年之期,13413178.html
499,第四百九十二章 青兰诸地,13417368.html
500,第四百九十三章 玄灵点,13419046.html
501,第四百九十四章 洞府,13431996.html
502,第四百九十五章 侍女翠环,13434706.html
503,第四百九十六章 一转大成,13443326.html
504,第四百九十七章 大快人心,13444875.html
505,第四百九十八章 灵器与信物,13450564.html
506,第四百九十九章 考验,13451733.html
507,第五百章 无尽迷宫,13457607.html
508,第五百零一章 千年徘徊,13458833.html
509,第五百零二章 五行考验,13462758.html
510,第五百零三章 极阴之气,13465300.html
511,第五百零四章 寻访庸烛,13469422.html
512,第五百零五章 履约,13471218.html
513,第五百零六章 通天十八棍,13475257.html
514,第五百零七章 找上门,13477653.html
515,第五百零九章 棍法小成,13482182.html
516,第五百零八章 灯灭波澜起,13482198.html
517,第五百一十章 深入地下,13489251.html
518,第五百一十一章 冰蛛,13490582.html
519,第五百一十二章 意外之喜,13501356.html
520,第五百一十三章 冤家路窄,13505877.html
521,第五百一十四章 以物易物,13511179.html
522,第五百一十五章 潜修二转,13512839.html
523,第五百一十六章 十年将至,13516876.html
524,第五百一十七章 任务狂人,13520854.html
525,第五百一十八章 秀林之木,13525999.html
526,第五百一十九章 圣地大比,13528414.html
527,第五百二十章 大比前夕,13532194.html
528,第五百二十一章 锋芒初露,13534201.html
529,第五百二十二章 赌局,13540327.html
530,第五百二十三章 二轮首战,13541789.html
531,第五百二十四章 接连挑战,13545896.html
532,第五百二十五章 错过好戏,13546979.html
533,第五百二十六章 再战廖勇,13550664.html
534,第五百二十七章 名声渐起,13550722.html
535,第五百二十八章 装模作样,13550723.html
536,第五百二十九章 端倪,13556629.html
537,第五百三十章 真火镇邪,13566013.html
538,第五百三十一章 挑战第一,13567829.html
539,第五百三十二章 势均力敌,13574069.html
540,第五百三十三章 尘埃落定,13579241.html
541,第五百三十四章 仙药斋,13588020.html
542,第五百三十五章 三年闭关,13589040.html
543,第五百三十六章 白猿后裔,13603698.html
544,第五百三十七章 紧迫,13607673.html
545,第五百三十八章 飘然欲仙,13617503.html
546,第五百三十九章 杀！杀！杀！,13619324.html
547,第五百四十章 怒杀,13625370.html
548,第五百四十一章 灭仙棍法,13628509.html
549,第五百四十二章 负阴抱阳,13637979.html
550,第五百四十三章 幻魔道,13646532.html
551,兄弟姐妹们，国庆快乐！,13656618.html
552,第五百四十四章 百兽震惶（国庆快乐）,13658156.html
553,第五百四十五章 磨砺（第二更）,13659658.html
554,第五百四十六章 天地无极（第三更）,13663592.html
555,第五百四十七章 轩然大波（第一更）,13664486.html
556,第五百四十八章 挑战第三（第二更）,13664487.html
557,第五百四十九章 破幻（第三更）,13665327.html
558,第五百五十章 势如破荒（求票票）,13669422.html
559,第五百五十一章 巅峰对决,13672412.html
560,第五百五十二章 幻自念起,13678844.html
561,第五百五十三章 无尽杀戮,13681957.html
562,第五百五十四章 失落秘境,13688564.html
563,第五百五十五章 大口村（求月票）,13690324.html
564,第五百五十六章 大逆不道,13693677.html
565,第五百五十七章 最后一步,13695441.html
566,第五百五十八章 心境突破,13702164.html
567,第五百五十九章 神秘召见,13707220.html
568,第五百六十章 圣禽,13711704.html
569,第五百六十一章 暂别,13714936.html
570,第五百六十二章 乔迁二层,13719469.html
571,第五百六十三章 灵瀑为注,13721692.html
572,第五百六十四章 偷鸡蚀米,13726040.html
573,第五百六十五章 连胜,13728629.html
574,第五百六十六章 敲山震虎,13734089.html
575,第五百六十七章 公母乌元参,13737386.html
576,第五百六十八章 夜探巨瀑,13742662.html
577,第五百六十九章 驻守妖灵,13744528.html
578,第五百七十章 救命毫毛,13751411.html
579,第五百七十一章 阴阳混沌之力,13754144.html
580,第五百七十二章 灵地异动,13760349.html
581,第五百七十三章 方家堡,13763067.html
582,第五百七十四章 取剑,13771432.html
583,第五百七十五章 深入矿洞,13772686.html
584,第五百七十六章 丑陋男子,13776695.html
585,第五百七十七章 方家秘辛,13778517.html
586,第五百七十八章 身份暴露,13781640.html
587,第五百七十九章 逆转,13783478.html
588,第五百八十章 假丹,13787839.html
589,第五百八十一章 灵羽飞车,13789870.html
590,第五百八十二章 婴灵果,13794782.html
591,第五百八十三章十年之约,13796108.html
592,第五百八十四章 分头,13803081.html
593,第五百八十五章 婴啼,13810529.html
594,第五百八十六章 真假难辨,13819183.html
595,第五百八十七章 三棵,13822136.html
596,第五百八十八章 九首,13830094.html
597,第五百八十九章 九婴,13833290.html
598,第五百九十章 追问,13840956.html
599,第五百九十一章 江家兄妹,13842831.html
600,第五百九十二章 碾压,13846863.html
601,第五百九十三章 阻挠,13848972.html
602,第五百九十四章 出人意料,13857197.html
603,第五百九十五章 干戈玉帛,13860837.html
604,第五百九十六章 融合,13871568.html
605,第五百九十七章 参悟溟水,13874697.html
606,第五百九十八章 冰火煎熬,13881755.html
607,第五百九十九章 七窍果核,13882770.html
608,第六百章 身外化身,13889589.html
609,第六百零一章 星域之战,13895673.html
610,第六百零二章 奔赴前线,13901779.html
611,第六百零三章 黑魔一族,13904812.html
612,第六百零四章 浮空要塞,13910022.html
613,第六百零五章 战前准备,13914888.html
614,第六百零六章 三大圣地,13920735.html
615,第六百零七章 手下,13924661.html
616,第六百零八章 试探（今天三更）,13926692.html
617,第六百零九章 巡游（第二更）,13930417.html
618,第六百一十章 死灵伏击（第三更）,13933383.html
619,第六百一十一章 魔族魂师,13938571.html
620,第六百一十二章 一棍斩魔,13942861.html
621,第六百一十三章 遭袭,13953841.html
622,第六百一十四章 紧急召集,13957278.html
623,第六百一十五章 声东击西,13968113.html
624,第六百一十六章 弃子,13972329.html
625,第六百一十七章 溃逃,13979862.html
626,第六百一十八章 分散突围,13981881.html
627,第六百一十九章 灭口,13987225.html
628,第六百二十章 危机,13989810.html
629,第六百二十一章 仙界与天庭,13995159.html
630,第六百二十二章 鏖战圣境,13997608.html
631,第六百二十三章 不可思议,14003471.html
632,第六百二十四章 化身,14006830.html
633,第六百二十五章 怒火中烧,14014575.html
634,第六百二十六章 质问,14017379.html
635,第六百二十七章 阻挠,14024094.html
636,第六百二十八章 游说,14025891.html
637,第六百二十九章 偷听,14029689.html
638,第六百三十章 逃离,14031885.html
639,第六百三十一章 穷追不舍,14051181.html
640,第六百三十二章 濒临绝境,14069617.html
641,第六百三十三章 神威临世,14098632.html
642,第六百三十四章 一石激起千层浪,14112539.html
643,第六百三十五章 驱魔会战,14126894.html
644,第六百三十六章 出世,14138075.html
645,第六百三十七章 废星,14150516.html
646,第六百三十八章 昏迷不醒,14154056.html
647,第六百三十九章 奔波,14160448.html
648,第六百四十章 神秘高人,14162833.html
649,第六百四十一章 苏醒,14166856.html
650,第六百四十二章 硬闯,14169644.html
651,第六百四十三章 强势,14178971.html
652,第六百四十四章 美色,14182529.html
653,第六百四十五章 停留,14190477.html
654,第六百四十六章 深海现魔踪,14192237.html
655,第六百四十七章 突破失败,14197472.html
656,第六百四十八章瞬杀,14199303.html
657,第六百四十九章 祸端,14204273.html
658,第六百五十章 再见西门,14206177.html
659,第六百五十一章 激战白云观,14211444.html
660,第六百五十二章 施援,14213565.html
661,第六百五十三章 昆仑圣墟,14219505.html
662,第六百五十四章 冒名抵罪,14221322.html
663,第六百五十五章 撼雷搏杀,14227337.html
664,第六百五十六章 洞天福地,14228575.html
665,第六百五十七章 对质,14230958.html
666,第六百五十八章 冤家路窄,14232427.html
667,第六百五十九章 上门挑衅,14235284.html
668,第六百六十章冲动,14236631.html
669,第六百六十一章离尘诸地,14239358.html
670,第六百六十二章迟滞,14240813.html
671,第六百六十三章意外拍品,14243974.html
672,第六百六十四章 出海闭关,14245420.html
673,第六百六十五章梦战,14248850.html
674,第六百六十六章至木符文,14250260.html
675,第六百六十七章 木化,14252807.html
676,第六百六十八章玄穹试炼,14254248.html
677,第六百六十九章 入塔（第一更）,14256256.html
678,第六百七十章攀塔（第二更）,14256697.html
679,第六百七十一章 放缓（第三更）,14258826.html
680,第六百七十二章 绝处逢生,14261977.html
681,第六百七十三章 起疑,14267317.html
682,第六百七十四章 诡异通道,14274692.html
683,第六百七十五章 再现端倪,14277325.html
684,第六百七十六章 合谋,14282361.html
685,第六百七十七章死灵地,14284840.html
686,第六百七十八章 后招,14289211.html
687,第六百七十九章唤灵,14292723.html
688,第六百八十章暴动,14296037.html
689,第六百八十一章 以彼之道,14297389.html
690,第六百八十二章浑 水摸鱼,14301232.html
691,第六百八十三章 咎由自取,14302713.html
692,第六百八十四章 圣墟名额,14307274.html
693,第六百八十五章 识破,14308672.html
694,第六百八十六章交易,14316512.html
695,第六百八十七章 威胁,14318080.html
696,第六百八十八章 齐聚,14321637.html
697,第六百八十九章 魔尊到访,14323091.html
698,第六百九十章 一位故人,14329275.html
699,第六百九十一章 熟门熟路,14330468.html
700,第六百九十二章 收获,14334005.html
701,第六百九十三章 赵戬相邀,14335106.html
702,六第六百九十四章 内心召唤,14337431.html
703,第六挡百九十五章 挡我者死！,14338752.html
704,第六百九十六章 七彩灵纹,14345306.html
705,第六百九十七章 深入昆仑,14349103.html
706,第六百九十八章 宝月宫里的雕像,14352807.html
707,第六百九十九章 天机棍鞘,14355573.html
708,第七百章 宝成魂灭,14358703.html
709,第七百零一章 再遇旧仇,14360196.html
710,第七百零二章 狭路相逢,14364815.html
711,第七百零三章 首次交锋,14366510.html
712,第七百零四章 混战,14369730.html
713,第七百零五章 遇故知,14371182.html
714,第七百零六章 宝花使者,14373754.html
715,第七百零七章 古蛮来袭,14384208.html
716,第七百零八章 朱厌,14403776.html
717,第七百零九章 旧事,14405572.html
718,第七百一十章 烟罗的召唤,14408697.html
719,第七百一十一章 四方混战,14410825.html
720,第七百一十二章 天庭阴谋,14416379.html
721,第七百一十三章 围攻,14419252.html
722,第七百一十四章 现身,14423374.html
723,第七百一十五章 器灵,14425076.html
724,第七百一十六章 不欢而散,14428560.html
725,第七百一十七章 等着我,14434960.html
726,第七百一十八章 战事频起,14438971.html
727,第七百一十九章 弥阳之乱,14440105.html
728,第七百二十章 离开宝月宫,14444167.html
729,第七百二十一章 倒戈,14445426.html
730,第七百二十二章 强弱颠倒,14448020.html
731,第七百二十三章 传送受扰,14449390.html
732,第七百二十四章 有些耳熟,14452420.html
733,第七百二十五章 第二件宝藏,14455125.html
734,第七百二十六章 大发神威,14456914.html
735,第七百二十七章 转首百年,14459070.html
736,第七百二十八章 回来了,14459458.html
737,第七百二十九章 算账,14462575.html
738,第七百三十章 一击（第二更）,14462801.html
739,第七百三十一章 烟罗的委托（第三更）,14464945.html
740,第七百三十二章屠魔令,14470912.html
741,第七百三十三章潜入据点（第二更，求票票！）,14471644.html
742,第七百三十四章入侵之因（第三更）,14475912.html
743,第七百三十五章一个不留！（元旦快乐）,14478502.html
744,第七百三十六章我随你同去！,14484299.html
745,第七百三十七章七道魔念,14492778.html
746,第七百三十八章 恩人,14502955.html
747,第七百三十九章 暴风魔角,14566236.html
748,第七百四十章 诱敌,14611753.html
749,第七百四十一章 一棍灭神,14623511.html
750,第七百四十二章 休想,14628395.html
751,第七百四十三章 暗度陈仓,14645731.html
752,第七百四十四章全力一击,14647246.html
753,第七百四十五章逐尸,14682656.html
754,第七百四十六章 魔祖遗骸,14686494.html
755,第七百四十七章化身入圣,14693164.html
756,第七百四十八章机缘,14711828.html
757,第七百四十九章 慢着,14775926.html
758,第七百五十章举座皆惊,14778392.html
759,第七百五十一章 彩儿失踪,14782479.html
760,第七百五十二章 孤身寻宠,14783816.html
761,第七百五十三章 天莲池遇袭,14786654.html
762,第七百五十四章 不多的底牌,14788572.html
763,第七百五十五章力战神将,14793048.html
764,第七百五十六章该死！,14795980.html
765,第七百五十七章灵宠回归,14800563.html
766,第七百五十八章回梦,14804407.html
767,第七百五十九章劣战,14807185.html
768,第七百六十章 白猿之死,14808392.html
769,第七百六十一章 圣阶,14811292.html
770,第七百六十二章 群妖参拜,14812431.html
771,第七百六十三章 莲中奇景,14815537.html
772,第七百六十四章 跟随,14820130.html
773,第七百六十五章 沧月,14825795.html
774,第七百六十六章 失去资格,14827292.html
775,第七百六十七章 残剑,14830317.html
776,第七百六十八章 第六转,14831558.html
777,第七百六十九章 沧月之变,14835120.html
778,第七百七十章 兵临东圣星,14837216.html
779,第七百七十一章 屠叛,14842701.html
780,第七百七十二章 一触即发,14844294.html
781,第七百七十三章 内忧外患,14847645.html
782,第七百七十四章 圣地逃亡,14849084.html
783,第七百七十五章 知恩必报,14851978.html
784,第七百七十六章 转危为安,14854673.html
785,第七百七十七章 颓势,14857684.html
786,第七百七十八章 追兵,14859431.html
787,第七百七十九章 拖延,14863952.html
788,第七百八十章 生死一线,14865014.html
789,第七百八十一章 栗升出手,14867639.html
790,第七百八十二章 青兰失守,14870266.html
791,第七百八十三章 误打误撞,14874528.html
792,第七百八十四章 碾杀,14875665.html
793,第七百八十五章 真身亲至,14880940.html
794,第七百八十六章 幼童与古灯（春节快乐）,14887359.html
795,第七百八十七章 栗升复活？,14892995.html
796,第七百八十八章 三圣星域,14896603.html
797,第七百八十九章 昔日恩怨,14900024.html
798,第七百九十章 我先走了,14902679.html
799,第七百九十一章 百慕星,14905089.html
800,第七百九十二章 六道玄功,14906334.html
801,第七百九十三章 阴谋布局,14909783.html
802,第七百九十四章 星海逃亡,14911315.html
803,第七百九十五章 乔装潜入,14913656.html
804,第七百九十六章 离开弥阳,14914706.html
805,第七百九十七章 伏龙星,14919022.html
806,第七百九十八章 金绝族的挑衅,14920196.html
807,第七百九十九章 八族由来,14922692.html
808,第八百章 巨猿行踪,14925295.html
809,第八百零一章 监视,14928105.html
810,第八百零二章 一丘之貉,14929404.html
811,第八百零三章 巨猿族大长老,14932112.html
812,第八百零四章 隐居之处,14933674.html
813,第八百零五章 三长老的质疑,14937965.html
814,第八百零六章 另一个自己？,14940525.html
815,第八百零七章 老祖再现,14942757.html
816,第八百零八章 四长老,14944259.html
817,第八百零九章 促膝而谈,14946933.html
818,第八百一十章 盘武神躯,14948716.html
819,第八百一十一章 天雷异象,14952045.html
820,第八百一十二章 圣女大典,14954216.html
821,第八百一十三章独自前往,14957194.html
822,第八百一十四章两条路,14958341.html
823,第八百一十五章肃清,14961075.html
824,第八百一十六章天庭突袭,14966899.html
825,第八百一十七章佯逃诱敌,14972002.html
826,第八百一十八章极衍禁制,14972756.html
827,第八百一十九章一只金耗子,14977050.html
828,第八百二十章社君和夜磨子,14978419.html
829,第八百二十一章神境傀儡,14981999.html
830,第八百二十二章联盟信物,14982682.html
831,第八百二十三章 没落荒族,14985693.html
832,第八百二十四章 轸夫人,14988299.html
833,第八百二十五章 圣女招亲,14991273.html
834,第八百二十六章 担保,14992619.html
835,第八百二十七章 潜入天凤族,14995270.html
836,第八百二十八章 又一只乾鹦,14996323.html
837,第八百二十九章 阴阳鸾凤,14999053.html
838,第八百三十章 改变主意,15000238.html
839,第八百三十一章 神境一击,15002967.html
840,第八百三十二章 轮番上阵,15004415.html
841,第八百三十三章 灵芙族,15010962.html
842,玄门杯第二届书评赛正式开锣！,15011408.html
843,第八百三十四章 诱饵,15012639.html
844,第八百三十五章 再战神境,15018414.html
845,第八百三十六章 弄巧成拙,15019453.html
846,第八百三十七章 凤鸣谷,15023715.html
847,第八百三十八章 免战权,15024976.html
848,第八百三十九章 发现端倪,15027145.html
849,第八百四十章 混战,15028332.html
850,第八百四十一章 破禁而出,15032786.html
851,第八百四十二章 赶往凤鸣谷,15033819.html
852,第八百四十三章 请等一下,15038113.html
853,第八百四十四章 此物可够格？,15038114.html
854,第八百四十五章 石牧的挑战,15040609.html
855,第八百四十六章 急报,15041762.html
856,第八百四十七章 等一下！,15044695.html
857,第八百四十八章 未必,15046148.html
858,第八百四十九章 破阵,15053961.html
859,第八百五十章 声东击西,15057478.html
860,第八百五十一章 圈套,15062984.html
861,第八百五十二章 我不同意,15067523.html
862,第八百五十三章 久别重逢,15072848.html
863,第八百五十四章 金晶炎玉,15075980.html
864,第八百五十五章 钟秀的决定,15079641.html
865,第八百五十六章 觉醒,15081189.html
866,第八百五十七章 再次推脱,15089789.html
867,第八百五十八章 围攻逐云,15096445.html
868,第八百五十九章 避而不见,15101881.html
869,第八百六十章 天河之乱,15103422.html
870,第八百六十一章 声名渐起,15107168.html
871,第八百六十二章 离去,15108507.html
872,第八百六十三章 方臻遭难,15111778.html
873,第八百六十四章 迎雷谷,15113421.html
874,第八百六十五章 落海冥晶,15118510.html
875,第八百六十六章 典礼上的变故,15118535.html
876,第八百六十七章 拨乱反正,15124168.html
877,第八百六十八章 达坦本尊,15126538.html
878,第八百六十九章 密函,15129473.html
879,第八百七十章 安华的身份,15131086.html
880,第八百七十一章 荒月古井,15133762.html
881,第八百七十二章 寿宴,15134657.html
882,第八百七十三章 厚颜无耻,15137858.html
883,第八百七十四章 横生变故,15138830.html
884,第八百七十五章 早有所备,15141645.html
885,第八百七十六章 诛逆,15144719.html
886,第八百七十七章 战御晖,15150707.html
887,第八百七十八章 共抗外敌,15152134.html
888,第八百七十九章 推选族长,15155964.html
889,第八百八十章 入井,15157034.html
890,第八百八十一章 井底闭关,15162839.html
891,第八百八十二章 突飞猛进,15165031.html
892,第八百八十三章 再入秘境,15170957.html
893,第八百八十四章 天昏地暗,15171030.html
894,第八百八十五章 傲世双猿,15175050.html
895,第八百八十六章 当时的渔村少年,15177821.html
896,第八百八十七章 不一样的岔路,15184327.html
897,第八百八十八章 陌生的自己,15186477.html
898,第八百八十九章 一声叹息,15192611.html
899,第八百九十章 那错失的转身（上）,15195115.html
900,第八百九十一章 那错失的转身（中）,15198444.html
901,第八百九十二章 那错失的转身（下）,15201630.html
902,第八百九十三章 七世轮回,15204530.html
903,第八百九十四章 天邢,15207719.html
904,第八百九十五章 与天争命,15212025.html
905,第八百九十六章 无尽天雷,15213707.html
906,第八百九十七章 天作之合,15218492.html
907,第八百九十八章 因祸得福,15219837.html
908,第八百九十九章 脏变,15225151.html
909,第九百章 三海,15227046.html
910,第九百零一章 五行疆域,15229987.html
911,第九百零二章 一反常态,15232170.html
912,第九百零三章 上古九境,15235862.html
913,第九百零四章 石猴端倪,15237541.html
914,第九百零五章 继任大典,15241388.html
915,第九百零六章 大出意料,15242219.html
916,第九百零七章 八方来贺,15246167.html
917,第九百零八章 天庭贺礼,15248288.html
918,第九百零九章 上古神通,15252101.html
919,第九百一十章 十二仙将,15255310.html
920,第九百一十一章 前线告急,15257839.html
921,第九百一十二章 昊天圣焰,15260510.html
922,第九百一十三章 双生之火,15263782.html
923,第九百一十四章 突飞猛进,15264700.html
924,第九百一十五章 见故人,15267442.html
925,第九百一十六章 内奸,15269291.html
926,第九百一十七章 古幡,15272106.html
927,第九百一十八章 汐境奇遇,15273862.html
928,第九百一十九章 玄火空间,15283782.html
929,第九百二十章 得至宝,15283783.html
930,第九百二十一章 彩儿的机缘,15288511.html
931,第九百二十二章 神境乾鹦,15289850.html
932,第九百二十三章 所托非人,15293448.html
933,第九百二十四章 内奸,15294737.html
934,第九百二十五章争分夺秒,15297596.html
935,第九百二十六章危局,15298524.html
936,第九百二十七章潜行,15301636.html
937,第九百二十八章潜入,15302826.html
938,第九百二十九章抵达,15305366.html
939,第九百三十章 九死轮回,15306787.html
940,第九百三十一章 局势扭转,15309779.html
941,第九百三十二章再战仙将,15311576.html
942,第九百三十三章一撞之威,15313452.html
943,第九百三十四章 领域之威,15314961.html
944,第九百三十五章 顿悟,15318095.html
945,第九百三十六章 血斗,15319724.html
946,第九百三十七章 悔之晚矣,15322315.html
947,第九百三十八章 战后,15324137.html
948,第九百三十九章 盟首之争,15327399.html
949,第九百四十章 前后夹击,15330431.html
950,第九百四十一章 洞天福地,15334064.html
951,第九百四十二章 仙将遗宝,15334853.html
952,第九百四十三章 水灵子,15337471.html
953,第九百四十四章 交易,15338482.html
954,第九百四十五章 异动,15342474.html
955,第九百四十六章 柳暗花明,15343693.html
956,第九百四十七章 久别再逢,15349307.html
957,第九百四十八章 黄巾力士,15349334.html
958,第九百四十九章 玄火秘境,15351907.html
959,第九百五十章 神境傀儡,15352857.html
960,第九百五十一章 傀儡之心,15356027.html
961,第九百五十二章 天火神体功,15356878.html
962,第九百五十三章 第三关,15359675.html
963,第九百五十四章 九杆旧幡,15361619.html
964,第九百五十五章 梦中别离,15364041.html
965,第九百五十六章 玄火秘录,15364816.html
966,第九百五十七章 异变,15367206.html
967,第九百五十八章 圣女失踪,15368040.html
968,第九百五十九章 背叛与传承,15370310.html
969,第九百六十章 宿命之敌,15372102.html
970,第九百六十一章 天凤涅槃,15374928.html
971,第九百六十二章 祖灵,15378197.html
972,第九百六十三章 涅槃传承,15381208.html
973,第九百六十四章 蜕变,15382514.html
974,第九百六十五章 展神威,15385330.html
975,第九百六十六章 大逆转,15388708.html
976,第九百六十七章 斩仙,15389153.html
977,第九百六十八章 替身玉符,15393151.html
978,第九百六十九章 疏忽,15393152.html
979,第九百七十章 姗姗来迟,15398964.html
980,第九百七十一章 反常举动,15400831.html
981,第九百七十二章 前后夹击,15404066.html
982,第九百七十三章 绝境（上）,15405513.html
983,第九百七十四章 绝境（中）,15409663.html
984,第九百七十五章 绝境（下）,15410840.html
985,第九百七十六章 扭转乾坤,15413265.html
986,第九百七十七章 石破天惊,15414466.html
987,第九百七十八章 莫下杀手+,15417667.html
988,第九百七十九章 送离,15418090.html
989,第九百八十章 玄门计划,15422145.html
990,第九百八十一章 五行魔窟,15424826.html
991,第九百八十二章 青兰遗迹,15428754.html
992,第九百八十三章 泯目,15470861.html
993,第九百八十四章 拆穿,15470862.html
994,第九百八十五章 相克之道,15470863.html
995,第九百八十六章 排斥,15489432.html
996,第九百八十七章 灵兽珠,15491654.html
997,第九百八十八章 水之本源,15501730.html
998,第九百八十九章 三目幽蟒,15506850.html
999,第九百九十章 五行平衡,15510081.html
1000,第九百九十一章五脉交汇,15517980.html
1001,第九百九十二章 同一类人,15521514.html
1002,第九百九十三章 遮天棍,15524060.html
1003,第九百九十四章 宿命交锋,15530045.html
1004,第九百九十五章 玉石俱焚,15532051.html
1005,第九百九十六章 契机,15539012.html
1006,第九百九十七章 重塑水灵脉,15539778.html
1007,第九百九十八章 两种平衡,15541129.html
1008,第九百九十九章 归玄启,15546391.html
1009,第一千章 生死之争,15549239.html
1010,第一千零一章 玄功成,15558332.html
1011,第一千零二章 宿命所归,15558644.html
1012,第一千零三章 血脉圆满,15564403.html
1013,第一千零四章 替代,15565660.html
1014,第一千零五章 逆天,15575083.html
1015,第一千零六章 叛变,15575231.html
1016,第一千零七章 拿来,15580240.html
1017,第一千零八章 修补化身,15580268.html
1018,第一千零九章 天门,15587727.html
1019,第一千一十章 栗升传讯,15594896.html
1020,第一千一十一章 沧月遗址,15595028.html
1021,第一千一十二章 日精月华,15598705.html
1022,第一千一十三章 人神合一,15599028.html
1023,第一千一十四章 天庭邀约,15603122.html
1024,第一千一十五章 大振人心,15603469.html
1025,第一千一十六章 烟罗之徒,15606927.html
1026,第一千一十七章 千年往事,15611201.html
1027,第一千一十八章 誓师,15612893.html
1028,第一千一十九章 顺势而行,15613624.html
1029,第一千零二十章 筹码,15616952.html
1030,第一千二十一章 不甘,15618418.html
1031,第一千二十二章 误会,15622356.html
1032,第一千零二十三章 兵分四路,15624447.html
1033,第一千零二十四章 连体同生,15625232.html
1034,第一千零二十五章 双杀,15629103.html
1035,第一千零二十六章 入天门,15629503.html
1036,第一千零二十七章 南籭会帝夋,15635454.html
1037,第一千零二十八章 都没诚意,15639720.html
1038,第一千零二十九章 送菜,15643063.html
1039,第一千零三十章 浴血,15649899.html
1040,第一千零三十一章 血溅南籭,15655536.html
1041,第一千零三十二章 扭转危局,15659373.html
1042,第一千零三十三章 以彼之道,15660670.html
1043,第一千零三十四章 五座山峰,15664941.html
1044,第一千零三十五章 鳌,15671039.html
1045,第一千零三十六章 第一仙将,15673770.html
1046,第一千零三十七章 危局,15675413.html
1047,第一千零三十八章 以伤换伤,15679514.html
1048,第一千零三十九章 援军赶到,15682271.html
1049,第一千零四十章 上当,15685527.html
1050,第一千零四十一章 五星,15689974.html
1051,第一千零四十二章 师兄弟,15694450.html
1052,第一千零四十三章 见死不救,15699066.html
1053,第一千零四十四章于事无补,15703945.html
1054,第一千零四十五章 帝夋的后手,15708479.html
1055,第一千零四十六章 十转,15712095.html
1056,第一千零四十七章 鏖战,15716998.html
1057,第一千零四十八章 真仙之体,15720386.html
1058,第一千零四十九章 玄门启,15723180.html
1059,第一千零五十章 杀身成仁,15726860.html
1060,第一千零五十一章 涅槃,15731098.html
1061,第一千零五十二章 巅峰对决,15735038.html
1062,第一千零五十三章 四梁八柱,15740126.html
1063,第一千零五十四章 电光火石,15745212.html
1064,第一千零五十五章 坤天乾地,15749634.html
1065,第一千零五十六章 灭天帝,15753832.html
1066,第一千零五十七章 玄门未止,15759416.html
1067,第一千零五十八章,15764805.html
1068,第一千零五十九章 星域浩劫,15768438.html
1069,第一千零六十章 上界气息,15769548.html
1070,第一千零六十一章 宝花传人,15772932.html
1071,第一千零六十二章 飞升,15774494.html
1072,第一千零六十二章 飞升,15777645.html
1073,第一千零六十三章 另一条途径,15780959.html
1074,第一千零六十三章 另一条途径,15780960.html
1075,第一千零六十四章 蓦然回首（大结局）,15786304.html
1076,第一章 互诉相思,15793594.html
1077,第二章：半岛旧象,15800534.html
1078,第三章 再遇故人,15806575.html
1079,第四章 怪异头骨,15811758.html
1080,第五章,15816669.html
1081,第六章,15822681.html
1082,第七章,15831568.html
1083,第八章 妙空来访,15835973.html
1084,第九章 九首饕餮,15839106.html
1085,第十章 阴阳御雷环,15842831.html
1086,第十一章 修罗星域,15846305.html
1087,第十二章 追踪,15849781.html
1088,第十三章,15854310.html
1089,第十四章 冥龙族,15858930.html
1090,第十五章 修罗三族,15863750.html
1091,第十六章 修罗之心,15886221.html
1092,第十七章 往事,15894774.html
1093,第十八章 修罗之心,15906168.html
1094,第十九章 彩儿和诡地,15919411.html
1095,第二十章 化灵之气和化灵之水,15924929.html
1096,第二十一章 人面鸠毒蝎,15936754.html
1097,第二十二章 神秘人,15945943.html
1098,第二十三章 激战,15956405.html
1099,第二十四章 斩杀,15964668.html
1100,第二十五章 暗影重重,15972944.html
1101,第二十六章 黑色妖禽,15979922.html
1102,第二十七章 从天而降,15990123.html
1103,第二十八章 空间通道,15994667.html
1104,第二十九章 幻天蛾和窥探,15998232.html
1105,第三十章 齐聚,16002014.html
1106,第三十一章 血伢晶,16009229.html
1107,第三十二章 二层和影毒蝎,16013459.html
1108,第三十三章 挥手擒拿,16020474.html
1109,第三十四章 怪异的第三层,16026754.html
1110,第三十五章 光阴之河,16030458.html
1111,第三十六章 骤变,16033688.html
1112,第三十七章 翻手灭敌,16037284.html
1113,第三十八章 饕餮终现,16043957.html
1114,第三十九章 棍与刀的合击,16047443.html
1115,第四十章 肉身之力的拼杀,16050514.html
1116,第四十一章 诡计多端的妙空,16066652.html
1117,第四十二章 靶子和虐杀,16067594.html
1118,第四十三章 斩杀，离开，螟虫,16071399.html
1119,第四十四章 飞升之劫,16074338.html
